{
    "train_losses": [
        1.5727749919647451,
        1.1910314905978834,
        1.0152530202170467,
        0.8989664448801514,
        0.8289341832060948,
        0.7757253460871899,
        0.7351272609227758,
        0.6962760183055078,
        0.6641952429738496,
        0.6383002629060575,
        0.6182750225676905,
        0.5936184616192527,
        0.5805913479736698,
        0.5638600443787587,
        0.5523578847765618,
        0.5341009870362099,
        0.5166162563406903,
        0.511070213049574,
        0.4954741331165099,
        0.4938334994913672
    ],
    "train_accs": [
        42.292,
        57.042,
        63.828,
        68.43,
        71.188,
        72.844,
        74.26,
        75.668,
        76.63,
        77.706,
        78.248,
        79.288,
        79.848,
        80.476,
        80.594,
        81.476,
        81.77,
        82.036,
        82.382,
        82.794
    ],
    "test_losses": [
        1.2674004473263705,
        0.9991536879841285,
        0.8774147833449931,
        0.7904826787453664,
        0.7508697887010212,
        0.7007914728756193,
        0.6971067997473704,
        0.6851766117011444,
        0.6223149110999289,
        0.6287463922289354,
        0.5919567410704456,
        0.5996765833866747,
        0.592199025274832,
        0.5700480870053738,
        0.5630007333393339,
        0.5717898165877862,
        0.5662371214432053,
        0.5653519977497149,
        0.5465887577473363,
        0.5520377849476247
    ],
    "test_accs": [
        54.1,
        64.0,
        68.64,
        72.11,
        74.11,
        75.48,
        76.02,
        75.79,
        78.33,
        78.28,
        79.63,
        79.35,
        79.78,
        80.49,
        80.79,
        81.12,
        80.95,
        80.9,
        81.5,
        81.36
    ],
    "final_loss": 0.5465887577473363,
    "final_acc": 81.5,
    "class_correct": [
        832.0,
        924.0,
        695.0,
        727.0,
        748.0,
        735.0,
        832.0,
        887.0,
        906.0,
        864.0
    ],
    "class_total": [
        1000.0,
        1000.0,
        1000.0,
        1000.0,
        1000.0,
        1000.0,
        1000.0,
        1000.0,
        1000.0,
        1000.0
    ],
    "best_acc": 81.5
}