{
    "train_losses": [
        1.8901784959656502,
        1.6265267935555305,
        1.4966633246682794,
        1.4077017563383292,
        1.345795848180571,
        1.2888459293433772,
        1.2485579676030543,
        1.2050055302012608,
        1.1802771734764508,
        1.1544276643592073,
        1.1367270737657766,
        1.1132157458673657,
        1.0984950132687072,
        1.074525341658336,
        1.0668174011628035,
        1.0416305738946665,
        1.0326298098734883,
        1.0333296592583132,
        1.0160272626010962,
        1.0108412287729172
    ],
    "train_accs": [
        28.86,
        39.796,
        45.448,
        48.98,
        51.26,
        53.746,
        55.344,
        56.838,
        58.076,
        59.242,
        59.682,
        60.638,
        61.196,
        62.016,
        62.474,
        63.296,
        63.76,
        63.64,
        64.06,
        64.126
    ],
    "test_losses": [
        1.5550792081446587,
        1.4756263343593743,
        1.3306745894347565,
        1.2874829618236687,
        1.2459672493270681,
        1.1154627777353119,
        1.050234953813915,
        1.017673454707182,
        0.9854824776890911,
        1.034624280808847,
        1.019615040549749,
        0.9329266170912152,
        0.9214545850512348,
        0.9176083893715581,
        0.8704478838775731,
        1.000640358351454,
        0.9257704811760142,
        0.9910969206049473,
        0.8618033984793892,
        0.8450519140762619
    ],
    "test_accs": [
        43.16,
        46.7,
        52.96,
        54.09,
        55.71,
        59.62,
        62.89,
        64.16,
        65.37,
        63.77,
        64.82,
        67.33,
        68.22,
        68.18,
        69.96,
        66.44,
        68.66,
        66.46,
        70.26,
        71.19
    ],
    "final_loss": 0.8450519140762619,
    "final_acc": 71.19,
    "class_correct": [
        795.0,
        894.0,
        446.0,
        455.0,
        562.0,
        671.0,
        865.0,
        786.0,
        798.0,
        847.0
    ],
    "class_total": [
        1000.0,
        1000.0,
        1000.0,
        1000.0,
        1000.0,
        1000.0,
        1000.0,
        1000.0,
        1000.0,
        1000.0
    ],
    "best_acc": 71.19
}