{
    "train_losses": [
        1.9469415086614505,
        1.7560688180996633,
        1.6548033925273535,
        1.592383149944608,
        1.5444144190424849,
        1.5157544728740098,
        1.4858937824473661,
        1.4629051203617964,
        1.4478079257413858,
        1.4316366508488765,
        1.4162923400969152,
        1.4028913532681477,
        1.3929410962497486,
        1.3835024943437113,
        1.3750976804272292,
        1.3628419015718543,
        1.3576282050908375,
        1.3475766258166575,
        1.3023379864290243,
        1.2909825643919923
    ],
    "train_accs": [
        31.876,
        42.366,
        47.622,
        51.138,
        53.58,
        55.106,
        56.286,
        57.548,
        58.222,
        58.84,
        59.7,
        59.902,
        60.446,
        60.742,
        61.172,
        61.8,
        62.132,
        62.114,
        63.972,
        64.362
    ],
    "test_losses": [
        1.5043001250375676,
        1.2933160126963748,
        1.217146873474121,
        1.0770085665244091,
        1.048879000205028,
        0.9988572657862796,
        0.9861664281615729,
        0.9487713333926623,
        0.9557669487180589,
        0.9011532513401176,
        0.8956544452075716,
        0.9072830518589744,
        0.8588024030757856,
        0.8118381243717822,
        0.8245419037492969,
        0.8332293078869204,
        0.862286302862288,
        0.8158041812196563,
        0.7776068200038958,
        0.8050927753689923
    ],
    "test_accs": [
        48.37,
        59.53,
        62.53,
        68.49,
        69.46,
        71.51,
        73.54,
        73.72,
        71.83,
        75.02,
        75.17,
        75.53,
        75.21,
        76.42,
        76.73,
        77.57,
        76.03,
        76.84,
        78.5,
        78.32
    ],
    "final_loss": 0.7776068200038958,
    "final_acc": 78.5,
    "class_correct": [
        820.0,
        869.0,
        668.0,
        560.0,
        817.0,
        712.0,
        877.0,
        783.0,
        848.0,
        896.0
    ],
    "class_total": [
        1000.0,
        1000.0,
        1000.0,
        1000.0,
        1000.0,
        1000.0,
        1000.0,
        1000.0,
        1000.0,
        1000.0
    ],
    "best_acc": 78.5
}