{
    "train_losses": [
        2.303092246165361,
        2.3028245338088715,
        2.302708384935813,
        2.3026114156483994,
        2.3026225926626065,
        2.3026221798508977,
        2.3025492841325454,
        2.3025409297260175,
        2.302537879065784,
        2.302541658396611,
        2.302509751161346,
        2.3025183500841147,
        2.302510540808558,
        2.302506538913073,
        2.302494774084262,
        2.3024903313278235,
        2.30248763250268,
        2.302489505704407,
        2.302477325015056,
        2.3024717535814054
    ],
    "train_accs": [
        10.26,
        9.964,
        10.174,
        10.054,
        10.042,
        10.022,
        10.156,
        10.092,
        10.056,
        10.136,
        10.028,
        10.12,
        10.216,
        10.048,
        10.216,
        10.15,
        10.218,
        10.044,
        10.15,
        10.188
    ],
    "test_losses": [
        2.3047667515428762,
        2.302402565750895,
        2.302615334716024,
        2.3027571967885465,
        2.302755702899981,
        2.3027080916151217,
        2.3026924404916884,
        2.3026921598217154,
        2.3027170338208163,
        2.3027253694172147,
        2.302709482893159,
        2.302705822111685,
        2.3027007579803467,
        2.302698410010036,
        2.302701334410076,
        2.302719620209706,
        2.302744403670106,
        2.3027444791190232,
        2.3027782651442514,
        2.302853373032582
    ],
    "test_accs": [
        10.02,
        10.02,
        10.0,
        10.0,
        10.0,
        10.0,
        9.23,
        10.0,
        10.0,
        10.0,
        10.0,
        10.0,
        10.0,
        10.0,
        10.0,
        10.0,
        10.0,
        10.0,
        10.0,
        10.02
    ],
    "final_loss": 2.3047667515428762,
    "final_acc": 10.02,
    "class_correct": [
        0.0,
        0.0,
        0.0,
        0.0,
        994.0,
        8.0,
        0.0,
        0.0,
        0.0,
        0.0
    ],
    "class_total": [
        1000.0,
        1000.0,
        1000.0,
        1000.0,
        1000.0,
        1000.0,
        1000.0,
        1000.0,
        1000.0,
        1000.0
    ],
    "best_acc": 10.02
}